{
    "agent_id": 5,
    "timestamp": "2025-04-24 18:31:14",
    "env_params": {
        "size": 9.0,
        "n_goals": 10.0,
        "n_holes": 13.0,
        "is_slippery": 0.0,
        "seed": 19.0
    },
    "goal_positions": [
        [
            5,
            4
        ],
        [
            4,
            5
        ],
        [
            1,
            6
        ],
        [
            8,
            8
        ],
        [
            7,
            7
        ],
        [
            2,
            5
        ],
        [
            0,
            1
        ],
        [
            4,
            7
        ],
        [
            5,
            2
        ],
        [
            1,
            4
        ]
    ],
    "goal_rewards": {
        "5,4": 1.0393232539870005,
        "4,5": 1.59486660075054,
        "1,6": 1.6128003251723824,
        "8,8": 2.0256221365547766,
        "7,7": 3.78179076027366,
        "2,5": 1.8408441696910565,
        "0,1": 2.0863796742062553,
        "4,7": 2.7949786854137986,
        "5,2": 1.203581945975683,
        "1,4": 1.0198124479748478
    },
    "agent_alpha": [
        1.0442006525364298,
        0.9319069982043239,
        0.8844502916038957,
        0.9191936889891553,
        0.8793421146125769,
        0.9512295442788965,
        1.2070687475033681,
        1.1161506822171743,
        1.050482747290014,
        0.7074908094046686
    ],
    "dirichlet_probabilities": [
        0.004369250443000055,
        0.06609628897228223,
        0.06808892501915359,
        0.11395801517275295,
        0.3090878622526289,
        0.09342712996567294,
        0.12070885268958391,
        0.19944207615708873,
        0.022620216219520324,
        0.0022013831083164278
    ],
    "learning_params": {
        "alpha": 0.7,
        "gamma": 0.99,
        "initial_epsilon": 1.0
    }
}