{
    "agent_id": 7,
    "timestamp": "2025-04-24 18:38:04",
    "env_params": {
        "size": 11.0,
        "n_goals": 12.0,
        "n_holes": 16.0,
        "is_slippery": 0.0,
        "seed": 21.0
    },
    "goal_positions": [
        [
            0,
            0
        ],
        [
            0,
            1
        ],
        [
            4,
            8
        ],
        [
            7,
            9
        ],
        [
            5,
            5
        ],
        [
            0,
            8
        ],
        [
            1,
            7
        ],
        [
            10,
            8
        ],
        [
            10,
            3
        ],
        [
            3,
            0
        ],
        [
            9,
            4
        ],
        [
            0,
            5
        ]
    ],
    "goal_rewards": {
        "0,0": 1.4995278238382113,
        "0,1": 1.2908343967374136,
        "4,8": 2.0018078764144187,
        "7,9": 1.0891545884282303,
        "5,5": 2.0356417249109278,
        "0,8": 1.176976255454462,
        "1,7": 1.7210023951750504,
        "10,8": 2.5156178377250447,
        "10,3": 1.5046861016083075,
        "3,0": 2.020534704376318,
        "9,4": 1.4103177799871733,
        "0,5": 2.7338985153444444
    },
    "agent_alpha": [
        0.9896071500988936,
        0.9777607899291151,
        1.2083593598168259,
        0.7486521411870026,
        1.1490775362994532,
        0.6577892478544656,
        0.9588271236551467,
        0.9530857417585544,
        1.2256288087620868,
        0.9974748096744349,
        0.8773599426173597,
        1.2747376999520834
    ],
    "dirichlet_probabilities": [
        0.05550309153757903,
        0.03231493297082374,
        0.11131198626826876,
        0.00990606538091448,
        0.11507130276788083,
        0.019664028383829118,
        0.08011137724167225,
        0.1684019819694494,
        0.05607623351203418,
        0.11339274493070203,
        0.04559086444301926,
        0.19265539059382714
    ],
    "learning_params": {
        "alpha": 0.7,
        "gamma": 0.99,
        "initial_epsilon": 1.0
    }
}