{
    "agent_id": 9,
    "timestamp": "2025-04-24 18:43:49",
    "env_params": {
        "size": 12.0,
        "n_goals": 13.0,
        "n_holes": 18.0,
        "is_slippery": 0.0,
        "seed": 23.0
    },
    "goal_positions": [
        [
            0,
            2
        ],
        [
            6,
            3
        ],
        [
            7,
            7
        ],
        [
            8,
            10
        ],
        [
            5,
            3
        ],
        [
            4,
            4
        ],
        [
            9,
            5
        ],
        [
            0,
            10
        ],
        [
            2,
            7
        ],
        [
            9,
            8
        ],
        [
            0,
            7
        ],
        [
            7,
            2
        ],
        [
            4,
            6
        ]
    ],
    "goal_rewards": {
        "0,2": 1.4839612466961865,
        "6,3": 1.307306945941002,
        "7,7": 1.8948043928770129,
        "8,10": 1.320778904933965,
        "5,3": 1.3461868921301612,
        "4,4": 2.053603829363107,
        "9,5": 1.9636990885469308,
        "0,10": 1.0360654248874117,
        "2,7": 1.0352386657314556,
        "9,8": 1.1525725269165934,
        "0,7": 1.3171183845615602,
        "7,2": 3.7731689749998667,
        "4,6": 2.315494722414746
    },
    "agent_alpha": [
        1.1333976112706936,
        1.0051626162132548,
        0.8444761173616364,
        1.1897267644989886,
        1.1403343589295025,
        0.7897836872185764,
        0.9264903767765668,
        0.7725080618549945,
        0.7355704954818281,
        1.354451655661486,
        0.9305082017956273,
        1.1340280325794303,
        1.064454304069861
    ],
    "dirichlet_probabilities": [
        0.05377347185513182,
        0.03414521621566691,
        0.09942271031966808,
        0.03564210054821835,
        0.03846521023668459,
        0.11706709215145633,
        0.10707767650521453,
        0.0040072694319346425,
        0.00391540730349507,
        0.01695250299073259,
        0.035235376062395574,
        0.3081298861110963,
        0.14616608026830513
    ],
    "learning_params": {
        "alpha": 0.7,
        "gamma": 0.99,
        "initial_epsilon": 1.0
    }
}