{
    "agent_id": 6,
    "timestamp": "2025-04-24 18:35:19",
    "env_params": {
        "size": 12.0,
        "n_goals": 13.0,
        "n_holes": 18.0,
        "is_slippery": 0.0,
        "seed": 20.0
    },
    "goal_positions": [
        [
            1,
            0
        ],
        [
            7,
            10
        ],
        [
            6,
            4
        ],
        [
            10,
            1
        ],
        [
            10,
            6
        ],
        [
            6,
            0
        ],
        [
            5,
            0
        ],
        [
            0,
            11
        ],
        [
            2,
            6
        ],
        [
            7,
            3
        ],
        [
            3,
            0
        ],
        [
            0,
            4
        ],
        [
            2,
            5
        ]
    ],
    "goal_rewards": {
        "1,0": 1.202745016039976,
        "7,10": 1.5597111608040675,
        "6,4": 2.0081852330129566,
        "10,1": 1.1897324623143701,
        "10,6": 2.1626475465350516,
        "6,0": 4.074247385754084,
        "5,0": 1.5985532272980851,
        "0,11": 1.0250831681876515,
        "2,6": 1.0057340057299071,
        "7,3": 1.4073503577186965,
        "3,0": 2.393509440503614,
        "0,4": 1.2246587118740866,
        "2,5": 1.1478422842274512
    },
    "agent_alpha": [
        1.176778622523469,
        1.039173004407529,
        1.0715073031770572,
        0.5313476188719577,
        0.7830334825365335,
        1.1119392578807836,
        1.1878938699712156,
        0.804303791576261,
        1.1006193680218384,
        1.0812828937789603,
        1.0646922019831286,
        0.901317823618224,
        0.8415966418445637
    ],
    "dirichlet_probabilities": [
        0.02252722400444178,
        0.06219012897822973,
        0.1120205814458841,
        0.02108138470159668,
        0.12918306072611688,
        0.34158304286156493,
        0.06650591414423167,
        0.002787018687516845,
        0.0006371117477674571,
        0.045261150857632965,
        0.1548343822781793,
        0.024962079097120733,
        0.016426920469716787
    ],
    "learning_params": {
        "alpha": 0.7,
        "gamma": 0.99,
        "initial_epsilon": 1.0
    }
}