{
    "agent_id": 10,
    "timestamp": "2025-04-24 18:45:51",
    "env_params": {
        "size": 10.0,
        "n_goals": 11.0,
        "n_holes": 15.0,
        "is_slippery": 0.0,
        "seed": 24.0
    },
    "goal_positions": [
        [
            0,
            1
        ],
        [
            6,
            4
        ],
        [
            6,
            7
        ],
        [
            1,
            5
        ],
        [
            0,
            3
        ],
        [
            7,
            5
        ],
        [
            2,
            6
        ],
        [
            7,
            0
        ],
        [
            9,
            6
        ],
        [
            4,
            5
        ],
        [
            7,
            1
        ]
    ],
    "goal_rewards": {
        "0,1": 3.584059192186488,
        "6,4": 2.3177527968863547,
        "6,7": 1.1968275657120584,
        "1,5": 1.5653061996635311,
        "0,3": 2.2846698003126935,
        "7,5": 1.4320779279553122,
        "2,6": 1.437020351534541,
        "7,0": 1.02675644726886,
        "9,6": 1.2712759215472946,
        "4,5": 2.391790275545274,
        "7,1": 1.4924635213875919
    },
    "agent_alpha": [
        1.2658424345298374,
        0.8459933095990302,
        0.936743928075714,
        0.8018379226718078,
        0.7858367488759521,
        0.7122573440330394,
        1.1128833703039267,
        1.0591443775244676,
        0.6747191533378629,
        1.0439130397496152,
        1.1357609598050127
    ],
    "dirichlet_probabilities": [
        0.2871176880207209,
        0.14641697743181717,
        0.02186972952356203,
        0.06281179996261457,
        0.14274108892363263,
        0.048008658661701356,
        0.04855781683717121,
        0.0029729385854288908,
        0.030141769060810505,
        0.15464336394947492,
        0.05471816904306576
    ],
    "learning_params": {
        "alpha": 0.7,
        "gamma": 0.99,
        "initial_epsilon": 1.0
    }
}