{
    "agent_id": 1,
    "timestamp": "2025-04-24 18:22:31",
    "env_params": {
        "size": 9.0,
        "n_goals": 10.0,
        "n_holes": 13.0,
        "is_slippery": 0.0,
        "seed": 15.0
    },
    "goal_positions": [
        [
            6,
            2
        ],
        [
            5,
            0
        ],
        [
            6,
            8
        ],
        [
            4,
            6
        ],
        [
            3,
            3
        ],
        [
            2,
            3
        ],
        [
            8,
            0
        ],
        [
            7,
            3
        ],
        [
            2,
            1
        ],
        [
            7,
            5
        ]
    ],
    "goal_rewards": {
        "6,2": 4.047616862572488,
        "5,0": 2.841533798309565,
        "6,8": 1.2691036578893626,
        "4,6": 1.0407920446835446,
        "3,3": 2.3766168244324763,
        "2,3": 2.222193431037833,
        "8,0": 1.6153091959319497,
        "7,3": 1.0727268515846087,
        "2,1": 1.1574663698124652,
        "7,5": 1.3566409637457064
    },
    "agent_alpha": [
        0.9375343036912911,
        1.067856941209237,
        0.9688182932234574,
        0.8996420653404503,
        1.0471137783452038,
        0.6472789486391579,
        0.7808275912110575,
        0.7824468517044098,
        0.9389659895691014,
        0.9052503256087643
    ],
    "dirichlet_probabilities": [
        0.3386240958413876,
        0.20461486647884058,
        0.029900406432151402,
        0.004532449409282719,
        0.15295742493694184,
        0.13579927011531476,
        0.0683676884368833,
        0.008080761287178745,
        0.017496263312496124,
        0.039626773749522934
    ],
    "learning_params": {
        "alpha": 0.7,
        "gamma": 0.99,
        "initial_epsilon": 1.0
    }
}