{
    "agent_id": 2,
    "timestamp": "2025-04-24 18:23:39",
    "env_params": {
        "size": 12.0,
        "n_goals": 13.0,
        "n_holes": 18.0,
        "is_slippery": 0.0,
        "seed": 16.0
    },
    "goal_positions": [
        [
            9,
            10
        ],
        [
            2,
            7
        ],
        [
            11,
            9
        ],
        [
            7,
            6
        ],
        [
            2,
            11
        ],
        [
            0,
            4
        ],
        [
            11,
            1
        ],
        [
            1,
            10
        ],
        [
            10,
            0
        ],
        [
            8,
            3
        ],
        [
            7,
            10
        ],
        [
            0,
            6
        ],
        [
            5,
            7
        ]
    ],
    "goal_rewards": {
        "9,10": 1.0952923437546167,
        "2,7": 1.2328880417125032,
        "11,9": 1.3199249095852779,
        "7,6": 1.5215898331625268,
        "2,11": 1.7339676836586368,
        "0,4": 1.8770184322389505,
        "11,1": 1.0269605552841403,
        "1,10": 2.1293798797455388,
        "10,0": 1.6484425654225423,
        "8,3": 3.78998609386666,
        "7,10": 1.8685330173725883,
        "0,6": 1.3024304196402345,
        "5,7": 1.4535862245557831
    },
    "agent_alpha": [
        1.0255897442267872,
        0.6943053082348232,
        0.8811064039990721,
        1.0132660747491837,
        0.7529010253518713,
        0.8757262783074634,
        0.8222104401877814,
        1.099781971108535,
        0.8426205796038219,
        1.0237487127529827,
        0.8486273728933781,
        1.0986733817543821,
        0.8321191373547481
    ],
    "dirichlet_probabilities": [
        0.010588038194957404,
        0.025876449079167026,
        0.03554721217614198,
        0.05795442590694743,
        0.08155196485095965,
        0.09744649247099449,
        0.0029956172537933695,
        0.1254866533050599,
        0.07204917393583804,
        0.30999845487407335,
        0.09650366859695425,
        0.03360337996002607,
        0.05039846939508702
    ],
    "learning_params": {
        "alpha": 0.7,
        "gamma": 0.99,
        "initial_epsilon": 1.0
    }
}