{
    "agent_id": 3,
    "timestamp": "2025-04-24 18:25:30",
    "env_params": {
        "size": 9.0,
        "n_goals": 10.0,
        "n_holes": 13.0,
        "is_slippery": 0.0,
        "seed": 17.0
    },
    "goal_positions": [
        [
            8,
            5
        ],
        [
            5,
            5
        ],
        [
            6,
            8
        ],
        [
            2,
            1
        ],
        [
            4,
            7
        ],
        [
            0,
            4
        ],
        [
            1,
            0
        ],
        [
            7,
            0
        ],
        [
            6,
            7
        ],
        [
            7,
            5
        ]
    ],
    "goal_rewards": {
        "8,5": 3.6610162574020353,
        "5,5": 1.0780325779200968,
        "6,8": 2.3483209797707003,
        "2,1": 2.6284135689742634,
        "4,7": 1.2913717610456612,
        "0,4": 1.1901570167399218,
        "1,0": 2.023148404455686,
        "7,0": 1.0393564120461785,
        "6,7": 2.137791077474034,
        "7,5": 1.6023919441714236
    },
    "agent_alpha": [
        1.0552531780042638,
        0.629074384238699,
        1.1247802222652712,
        1.2290622579144181,
        1.2074380936455766,
        1.3773277859563215,
        0.9776603419742468,
        0.9275797323201903,
        1.0297350090090487,
        0.9124433694970735
    ],
    "dirichlet_probabilities": [
        0.2956684730446706,
        0.0086702864355663,
        0.1498134421967445,
        0.18093484099714036,
        0.03237464011618457,
        0.021128557415546874,
        0.11368315605063173,
        0.004372934671797596,
        0.1264212308304482,
        0.06693243824126928
    ],
    "learning_params": {
        "alpha": 0.7,
        "gamma": 0.99,
        "initial_epsilon": 1.0
    }
}