{
    "agent_id": 8,
    "timestamp": "2025-04-24 18:41:01",
    "env_params": {
        "size": 9.0,
        "n_goals": 10.0,
        "n_holes": 13.0,
        "is_slippery": 0.0,
        "seed": 22.0
    },
    "goal_positions": [
        [
            0,
            8
        ],
        [
            0,
            2
        ],
        [
            4,
            8
        ],
        [
            5,
            6
        ],
        [
            4,
            0
        ],
        [
            1,
            7
        ],
        [
            1,
            5
        ],
        [
            7,
            5
        ],
        [
            1,
            0
        ],
        [
            5,
            4
        ]
    ],
    "goal_rewards": {
        "0,8": 1.0077588179424952,
        "0,2": 2.0835813723630334,
        "4,8": 1.1726490597993031,
        "5,6": 1.8963766621557545,
        "4,0": 1.684519009246825,
        "1,7": 1.5353914002494637,
        "1,5": 2.8006077617370795,
        "7,5": 2.987713132213977,
        "1,0": 2.714879306647543,
        "5,4": 1.116523477644524
    },
    "agent_alpha": [
        0.9816100160269617,
        0.7073298694376642,
        1.216358335839665,
        0.9521349663604857,
        0.901774172752314,
        0.7995455979410215,
        1.1837643005997172,
        0.779273579775347,
        1.1252986912632155,
        0.8876972438872655
    ],
    "dirichlet_probabilities": [
        0.0008620908824994783,
        0.12039793026255925,
        0.01918322886658925,
        0.09959740690619495,
        0.07605766769409167,
        0.05948793336105153,
        0.20006752908189773,
        0.22085701469044186,
        0.19054214518306034,
        0.01294705307161378
    ],
    "learning_params": {
        "alpha": 0.7,
        "gamma": 0.99,
        "initial_epsilon": 1.0
    }
}