{
    "agent_id": 4,
    "timestamp": "2025-04-24 18:28:21",
    "env_params": {
        "size": 11.0,
        "n_goals": 12.0,
        "n_holes": 16.0,
        "is_slippery": 0.0,
        "seed": 18.0
    },
    "goal_positions": [
        [
            9,
            5
        ],
        [
            1,
            5
        ],
        [
            4,
            6
        ],
        [
            7,
            3
        ],
        [
            9,
            3
        ],
        [
            10,
            3
        ],
        [
            10,
            7
        ],
        [
            2,
            3
        ],
        [
            10,
            10
        ],
        [
            3,
            4
        ],
        [
            2,
            0
        ],
        [
            2,
            7
        ]
    ],
    "goal_rewards": {
        "9,5": 2.0163475791394587,
        "1,5": 1.242357425521056,
        "4,6": 2.2239216756898674,
        "7,3": 4.379349716067514,
        "9,3": 1.4221676172572955,
        "10,3": 1.1121094501978863,
        "10,7": 1.176667471788146,
        "2,3": 1.065128974123809,
        "10,10": 1.7581454909638685,
        "3,4": 1.5714465533801583,
        "2,0": 1.8406102797799124,
        "2,7": 1.1917477660910285
    },
    "agent_alpha": [
        1.0158856887612409,
        1.4380404714828443,
        0.9730215706783458,
        1.0321035964909737,
        1.088539568640816,
        1.1246782881723225,
        1.2017806972208736,
        1.0788497581157415,
        0.9327226593596781,
        0.8708187074369205,
        1.1610915410079379,
        1.0832885676947661
    ],
    "dirichlet_probabilities": [
        0.11292750879327317,
        0.0269286028356729,
        0.1359912972988742,
        0.3754833017852794,
        0.04690751302858839,
        0.01245660557754292,
        0.019629719087571777,
        0.007236552680423221,
        0.08423838788487427,
        0.06349406148668425,
        0.09340114219776804,
        0.02130530734344762
    ],
    "learning_params": {
        "alpha": 0.7,
        "gamma": 0.99,
        "initial_epsilon": 1.0
    }
}