{
    "agent_id": 1,
    "timestamp": "2025-04-24 14:43:28",
    "env_params": {
        "size": 10.0,
        "n_goals": 11.0,
        "n_holes": 10.0,
        "is_slippery": 0.0,
        "seed": 15.0
    },
    "goal_positions": [
        [
            9,
            9
        ],
        [
            5,
            5
        ],
        [
            3,
            8
        ],
        [
            1,
            9
        ],
        [
            5,
            1
        ],
        [
            6,
            8
        ],
        [
            5,
            3
        ],
        [
            4,
            3
        ],
        [
            5,
            8
        ],
        [
            4,
            1
        ],
        [
            5,
            2
        ]
    ],
    "goal_rewards": {
        "1,9": 10.0,
        "9,9": 1.5362364837722056,
        "5,5": 1.3843702612412092,
        "3,8": 0.2798564505723297,
        "5,1": 3.226424466780409,
        "6,8": 0.482914732376426,
        "5,3": 0.07519068429822096,
        "4,3": 0.10507463720293161,
        "5,8": 0.3994514238185394,
        "4,1": 1.2731825144998579,
        "5,2": 1.194876340005981
    },
    "agent_alpha": [
        0.9375343036912911,
        1.067856941209237,
        0.9688182932234574,
        0.8996420653404503,
        1.0471137783452038,
        0.6472789486391579,
        0.7808275912110575,
        0.7824468517044098,
        0.9389659895691014,
        0.9052503256087643,
        0.9598810922954885
    ],
    "dirichlet_probabilities": [
        0.15362364837722056,
        0.13843702612412093,
        0.027985645057232972,
        0.0042422005431892295,
        0.32264244667804093,
        0.0482914732376426,
        0.007519068429822096,
        0.010507463720293162,
        0.03994514238185394,
        0.1273182514499858,
        0.11948763400059809
    ],
    "final_goal": [
        1,
        9
    ],
    "learning_params": {
        "high_alpha": 0.3,
        "low_alpha": 0.6,
        "gamma": 0.99,
        "initial_epsilon": 1.0
    }
}