{
    "agent_id": 2,
    "timestamp": "2025-04-24 14:43:59",
    "env_params": {
        "size": 9.0,
        "n_goals": 10.0,
        "n_holes": 9.0,
        "is_slippery": 0.0,
        "seed": 16.0
    },
    "goal_positions": [
        [
            3,
            5
        ],
        [
            3,
            3
        ],
        [
            0,
            2
        ],
        [
            4,
            5
        ],
        [
            4,
            6
        ],
        [
            5,
            2
        ],
        [
            2,
            1
        ],
        [
            4,
            7
        ],
        [
            8,
            6
        ],
        [
            6,
            3
        ]
    ],
    "goal_rewards": {
        "4,5": 10.0,
        "3,5": 0.2946082232679969,
        "3,3": 0.21521470603537157,
        "0,2": 0.6478934321143521,
        "4,6": 0.07601129284777952,
        "5,2": 0.8919346712900249,
        "2,1": 1.5144234899242761,
        "4,7": 1.987274285988529,
        "8,6": 1.1415967907872822,
        "6,3": 1.7549955193405562
    },
    "agent_alpha": [
        1.0255897442267872,
        0.6943053082348232,
        0.8811064039990721,
        1.0132660747491837,
        0.7529010253518713,
        0.8757262783074634,
        0.8222104401877814,
        1.099781971108535,
        0.8426205796038219,
        1.0237487127529827
    ],
    "dirichlet_probabilities": [
        0.029460822326799693,
        0.02152147060353716,
        0.06478934321143522,
        0.14760475884038313,
        0.007601129284777953,
        0.08919346712900249,
        0.15144234899242762,
        0.1987274285988529,
        0.11415967907872822,
        0.17549955193405561
    ],
    "final_goal": [
        4,
        5
    ],
    "learning_params": {
        "high_alpha": 0.3,
        "low_alpha": 0.6,
        "gamma": 0.99,
        "initial_epsilon": 1.0
    }
}