{
    "agent_id": 3,
    "timestamp": "2025-04-24 14:44:53",
    "env_params": {
        "size": 8.0,
        "n_goals": 9.0,
        "n_holes": 8.0,
        "is_slippery": 0.0,
        "seed": 17.0
    },
    "goal_positions": [
        [
            4,
            6
        ],
        [
            5,
            7
        ],
        [
            2,
            4
        ],
        [
            0,
            7
        ],
        [
            0,
            1
        ],
        [
            2,
            0
        ],
        [
            3,
            4
        ],
        [
            6,
            7
        ],
        [
            3,
            6
        ]
    ],
    "goal_rewards": {
        "0,1": 10.0,
        "4,6": 0.646266200263834,
        "5,7": 0.798015296301225,
        "2,4": 0.31305121600478136,
        "0,7": 0.3490536259271604,
        "2,0": 5.002221084690972,
        "3,4": 0.0823174848479864,
        "6,7": 0.4665628951411052,
        "3,6": 1.4619070619191856
    },
    "agent_alpha": [
        1.0552531780042638,
        0.629074384238699,
        1.1247802222652712,
        1.2290622579144181,
        1.2074380936455766,
        1.3773277859563215,
        0.9776603419742468,
        0.9275797323201903,
        1.0297350090090487
    ],
    "dirichlet_probabilities": [
        0.06462662002638339,
        0.0798015296301225,
        0.03130512160047814,
        0.03490536259271604,
        0.08806051349037489,
        0.5002221084690972,
        0.00823174848479864,
        0.04665628951411052,
        0.14619070619191857
    ],
    "final_goal": [
        0,
        1
    ],
    "learning_params": {
        "high_alpha": 0.3,
        "low_alpha": 0.6,
        "gamma": 0.99,
        "initial_epsilon": 1.0
    }
}