{
    "agent_id": 5,
    "timestamp": "2025-04-24 16:42:26",
    "env_params": {
        "size": 8.0,
        "n_goals": 9.0,
        "n_holes": 8.0,
        "is_slippery": 0.0,
        "seed": 19.0
    },
    "goal_positions": [
        [
            5,
            0
        ],
        [
            2,
            5
        ],
        [
            5,
            4
        ],
        [
            1,
            3
        ],
        [
            5,
            5
        ],
        [
            2,
            3
        ],
        [
            0,
            7
        ],
        [
            7,
            1
        ],
        [
            3,
            7
        ]
    ],
    "goal_rewards": {
        "2,3": 10.0,
        "5,0": 0.04457369603935655,
        "2,5": 0.18951090727538963,
        "5,4": 0.4862162068865627,
        "1,3": 0.5692365750540349,
        "5,5": 0.866845347889126,
        "0,7": 2.764105632809702,
        "7,1": 2.4512364316971755,
        "3,7": 0.1796533135887312
    },
    "agent_alpha": [
        1.0442006525364298,
        0.9319069982043239,
        0.8844502916038957,
        0.9191936889891553,
        0.8793421146125769,
        0.9512295442788965,
        1.2070687475033681,
        1.1161506822171743,
        1.050482747290014
    ],
    "dirichlet_probabilities": [
        0.004457369603935655,
        0.018951090727538963,
        0.04862162068865627,
        0.05692365750540349,
        0.08668453478891261,
        0.24486218887599215,
        0.2764105632809702,
        0.24512364316971755,
        0.01796533135887312
    ],
    "learning_params": {
        "high_alpha": 0.3,
        "low_alpha": 0.6,
        "gamma": 0.99,
        "initial_epsilon": 1.0
    }
}