{
    "agent_id": 2,
    "timestamp": "2025-04-24 16:38:13",
    "env_params": {
        "size": 15.0,
        "n_goals": 16.0,
        "n_holes": 15.0,
        "is_slippery": 0.0,
        "seed": 16.0
    },
    "goal_positions": [
        [
            0,
            3
        ],
        [
            5,
            6
        ],
        [
            5,
            8
        ],
        [
            14,
            14
        ],
        [
            6,
            1
        ],
        [
            12,
            5
        ],
        [
            2,
            7
        ],
        [
            13,
            10
        ],
        [
            11,
            2
        ],
        [
            5,
            10
        ],
        [
            0,
            6
        ],
        [
            14,
            7
        ],
        [
            3,
            14
        ],
        [
            4,
            9
        ],
        [
            2,
            10
        ],
        [
            14,
            12
        ]
    ],
    "goal_rewards": {
        "0,3": 10.0,
        "5,6": 2.1244432185051036,
        "5,8": 0.48688624469218905,
        "14,14": 0.044174323250169144,
        "6,1": 1.026136971810681,
        "12,5": 1.2261316926024004,
        "2,7": 0.037692698430124766,
        "13,10": 0.8253134997037379,
        "11,2": 0.44815427022458143,
        "5,10": 0.4105625588052144,
        "0,6": 1.2142685028334406,
        "14,7": 0.9105511425753522,
        "3,14": 0.1615131486320777,
        "4,9": 0.18203043811813585,
        "2,10": 0.18876403957085994,
        "14,12": 0.2615584396421297
    },
    "agent_alpha": [
        1.0255897442267872,
        0.6943053082348232,
        0.8811064039990721,
        1.0132660747491837,
        0.7529010253518713,
        0.8757262783074634,
        0.8222104401877814,
        1.099781971108535,
        0.8426205796038219,
        1.0237487127529827,
        0.8486273728933781,
        1.0986733817543821,
        0.8321191373547481,
        0.796995629174319,
        0.9314960630040376,
        1.3768928016727164
    ],
    "dirichlet_probabilities": [
        0.04518188106038052,
        0.21244432185051035,
        0.04868862446921891,
        0.004417432325016914,
        0.10261369718106811,
        0.12261316926024003,
        0.0037692698430124762,
        0.08253134997037379,
        0.044815427022458144,
        0.04105625588052144,
        0.12142685028334406,
        0.09105511425753522,
        0.01615131486320777,
        0.018203043811813584,
        0.018876403957085994,
        0.02615584396421297
    ],
    "learning_params": {
        "high_alpha": 0.3,
        "low_alpha": 0.6,
        "gamma": 0.99,
        "initial_epsilon": 1.0
    }
}