{
    "agent_id": 1,
    "timestamp": "2025-04-24 16:37:29",
    "env_params": {
        "size": 11.0,
        "n_goals": 12.0,
        "n_holes": 11.0,
        "is_slippery": 0.0,
        "seed": 15.0
    },
    "goal_positions": [
        [
            8,
            8
        ],
        [
            2,
            1
        ],
        [
            8,
            9
        ],
        [
            4,
            10
        ],
        [
            3,
            4
        ],
        [
            1,
            7
        ],
        [
            4,
            6
        ],
        [
            6,
            0
        ],
        [
            9,
            0
        ],
        [
            4,
            8
        ],
        [
            3,
            9
        ],
        [
            5,
            2
        ]
    ],
    "goal_rewards": {
        "3,4": 10.0,
        "8,8": 1.3269366928269246,
        "2,1": 0.385271840827328,
        "8,9": 0.04685945305876557,
        "4,10": 0.19093685073314165,
        "1,7": 1.0978621039478513,
        "4,6": 0.552715005063221,
        "6,0": 0.06532849241906136,
        "9,0": 0.1414476265974891,
        "4,8": 0.32036058194108435,
        "3,9": 1.1644886852446055,
        "5,2": 3.21783087927358
    },
    "agent_alpha": [
        0.9375343036912911,
        1.067856941209237,
        0.9688182932234574,
        0.8996420653404503,
        1.0471137783452038,
        0.6472789486391579,
        0.7808275912110575,
        0.7824468517044098,
        0.9389659895691014,
        0.9052503256087643,
        0.9598810922954885,
        1.0710393546029264
    ],
    "dirichlet_probabilities": [
        0.13269366928269247,
        0.0385271840827328,
        0.004685945305876557,
        0.019093685073314166,
        0.14899617880669475,
        0.10978621039478514,
        0.0552715005063221,
        0.006532849241906136,
        0.01414476265974891,
        0.03203605819410844,
        0.11644886852446054,
        0.321783087927358
    ],
    "learning_params": {
        "high_alpha": 0.3,
        "low_alpha": 0.6,
        "gamma": 0.99,
        "initial_epsilon": 1.0
    }
}