{
    "agent_id": 3,
    "timestamp": "2025-04-24 16:39:52",
    "env_params": {
        "size": 14.0,
        "n_goals": 15.0,
        "n_holes": 14.0,
        "is_slippery": 0.0,
        "seed": 17.0
    },
    "goal_positions": [
        [
            8,
            5
        ],
        [
            4,
            12
        ],
        [
            10,
            0
        ],
        [
            6,
            4
        ],
        [
            12,
            8
        ],
        [
            13,
            7
        ],
        [
            8,
            0
        ],
        [
            2,
            9
        ],
        [
            10,
            13
        ],
        [
            1,
            2
        ],
        [
            3,
            11
        ],
        [
            2,
            12
        ],
        [
            13,
            13
        ],
        [
            10,
            8
        ],
        [
            11,
            1
        ]
    ],
    "goal_rewards": {
        "13,13": 10.0,
        "8,5": 0.014384326037908995,
        "4,12": 0.7784144286682562,
        "10,0": 0.5193196657558866,
        "6,4": 0.5897685072618527,
        "12,8": 0.18894243140999706,
        "13,7": 0.370988057784237,
        "8,0": 0.05673637975850314,
        "2,9": 0.10097933265284077,
        "10,13": 0.41457979401141243,
        "1,2": 1.0788073618414609,
        "3,11": 0.24582959058422268,
        "2,12": 1.9325202408160451,
        "10,8": 1.0510770739737616,
        "11,1": 1.3557206380264537
    },
    "agent_alpha": [
        1.0552531780042638,
        0.629074384238699,
        1.1247802222652712,
        1.2290622579144181,
        1.2074380936455766,
        1.3773277859563215,
        0.9776603419742468,
        0.9275797323201903,
        1.0297350090090487,
        0.9124433694970735,
        1.4342513995013286,
        1.2304620501247308,
        0.6362375321394342,
        0.9723901318300716,
        1.1079679227715349
    ],
    "dirichlet_probabilities": [
        0.0014384326037908996,
        0.07784144286682562,
        0.05193196657558866,
        0.05897685072618527,
        0.018894243140999707,
        0.0370988057784237,
        0.005673637975850314,
        0.010097933265284078,
        0.041457979401141244,
        0.10788073618414609,
        0.02458295905842227,
        0.19325202408160452,
        0.13019321714171597,
        0.10510770739737617,
        0.13557206380264536
    ],
    "learning_params": {
        "high_alpha": 0.3,
        "low_alpha": 0.6,
        "gamma": 0.99,
        "initial_epsilon": 1.0
    }
}