{
    "agent_id": 6,
    "timestamp": "2025-04-24 16:42:45",
    "env_params": {
        "size": 8.0,
        "n_goals": 9.0,
        "n_holes": 8.0,
        "is_slippery": 0.0,
        "seed": 20.0
    },
    "goal_positions": [
        [
            5,
            0
        ],
        [
            1,
            3
        ],
        [
            0,
            1
        ],
        [
            3,
            6
        ],
        [
            7,
            4
        ],
        [
            0,
            4
        ],
        [
            0,
            7
        ],
        [
            1,
            1
        ],
        [
            3,
            0
        ]
    ],
    "goal_rewards": {
        "1,1": 10.0,
        "5,0": 0.9706057821925294,
        "1,3": 0.1656676696912222,
        "0,1": 1.2516671089197917,
        "3,6": 2.118250838217434,
        "7,4": 0.08450198983654558,
        "0,4": 0.5074328425268927,
        "0,7": 3.3699385158732293,
        "3,0": 0.5689816772281369
    },
    "agent_alpha": [
        1.176778622523469,
        1.039173004407529,
        1.0715073031770572,
        0.5313476188719577,
        0.7830334825365335,
        1.1119392578807836,
        1.1878938699712156,
        0.804303791576261,
        1.1006193680218384
    ],
    "dirichlet_probabilities": [
        0.09706057821925293,
        0.01656676696912222,
        0.12516671089197917,
        0.21182508382174337,
        0.008450198983654558,
        0.050743284252689265,
        0.3369938515873229,
        0.09629535755142181,
        0.05689816772281369
    ],
    "learning_params": {
        "high_alpha": 0.3,
        "low_alpha": 0.6,
        "gamma": 0.99,
        "initial_epsilon": 1.0
    }
}