{
    "agent_id": 4,
    "timestamp": "2025-04-24 16:41:26",
    "env_params": {
        "size": 12.0,
        "n_goals": 13.0,
        "n_holes": 12.0,
        "is_slippery": 0.0,
        "seed": 18.0
    },
    "goal_positions": [
        [
            4,
            6
        ],
        [
            5,
            10
        ],
        [
            2,
            6
        ],
        [
            7,
            7
        ],
        [
            3,
            9
        ],
        [
            5,
            5
        ],
        [
            3,
            8
        ],
        [
            4,
            7
        ],
        [
            8,
            5
        ],
        [
            11,
            10
        ],
        [
            11,
            7
        ],
        [
            4,
            11
        ],
        [
            6,
            11
        ]
    ],
    "goal_rewards": {
        "3,9": 10.0,
        "4,6": 0.13775191510963775,
        "5,10": 3.3479962596662842,
        "2,6": 0.24181617409523143,
        "7,7": 0.3652023700696925,
        "5,5": 1.770049714213461,
        "3,8": 0.25476263883031236,
        "4,7": 0.17458569853566713,
        "8,5": 0.2105449783406564,
        "11,10": 1.0405954039170247,
        "11,7": 0.744425989474089,
        "4,11": 0.9189398283880711,
        "6,11": 0.6226410531621784
    },
    "agent_alpha": [
        1.0158856887612409,
        1.4380404714828443,
        0.9730215706783458,
        1.0321035964909737,
        1.088539568640816,
        1.1246782881723225,
        1.2017806972208736,
        1.0788497581157415,
        0.9327226593596781,
        0.8708187074369205,
        1.1610915410079379,
        1.0832885676947661,
        1.1149239497639163
    ],
    "dirichlet_probabilities": [
        0.013775191510963776,
        0.33479962596662843,
        0.024181617409523144,
        0.03652023700696925,
        0.01706879761976932,
        0.1770049714213461,
        0.025476263883031234,
        0.017458569853566714,
        0.02105449783406564,
        0.10405954039170247,
        0.0744425989474089,
        0.0918939828388071,
        0.062264105316217844
    ],
    "learning_params": {
        "high_alpha": 0.3,
        "low_alpha": 0.6,
        "gamma": 0.99,
        "initial_epsilon": 1.0
    }
}