{
  "seed": 42,
  "map_size": 8,
  "n_goals": 9,
  "base_reward": 10.0,
  "goals": {
    "1_0": {
      "id": 1,
      "reward": 2.1406183046829295,
      "is_final": false
    },
    "0_1": {
      "id": 2,
      "reward": 0.2998261085737994,
      "is_final": false
    },
    "6_4": {
      "id": 3,
      "reward": 3.150946410834963,
      "is_final": false
    },
    "2_3": {
      "id": 4,
      "reward": 0.9663938977331121,
      "is_final": false
    },
    "2_1": {
      "id": 5,
      "reward": 0.9007020937719921,
      "is_final": false
    },
    "2_0": {
      "id": 6,
      "reward": 0.3146701431827178,
      "is_final": false
    },
    "1_1": {
      "id": 7,
      "reward": 0.6602098087240654,
      "is_final": false
    },
    "7_5": {
      "id": 8,
      "reward": 1.4886759680338988,
      "is_final": false
    },
    "0_7": {
      "id": 9,
      "reward": 10.0,
      "is_final": true
    }
  },
  "dirichlet_probs": [
    0.21406183046829297,
    0.029982610857379938,
    0.31509464108349633,
    0.09663938977331121,
    0.0900702093771992,
    0.03146701431827178,
    0.06602098087240654,
    0.14886759680338987,
    0.007795726446252065
  ],
  "final_goal": "0_7"
}